unnamed_2,unnamed_0,tipo_crime,unnamed_1
,,Homicídio,Tabela 1
,,Homicídio,HOMICÍDIO
2015,,Homicídio,Região Administrativa
619,,Homicídio,Distrito Federal
11,,Homicídio,Águas Claras
-,,Homicídio,Arniqueira
23,,Homicídio,Brasília (Plano Piloto)
21,,Homicídio,Brazlândia
6,,Homicídio,Candangolândia
112,,Homicídio,Ceilândia
2,,Homicídio,Cruzeiro
3,,Homicídio,Fercal
38,,Homicídio,Gama
15,,Homicídio,Guará
30,,Homicídio,Itapoã
0,,Homicídio,Jardim Botânico
5,,Homicídio,Lago Norte
0,,Homicídio,Lago Sul
1,,Homicídio,Núcleo Bandeirante
24,,Homicídio,Paranoá
1,,Homicídio,Park Way
57,,Homicídio,Planaltina
39,,Homicídio,Recanto das Emas
5,,Homicídio,Riacho Fundo
5,,Homicídio,Riacho Fundo II
39,,Homicídio,Samambaia
53,,Homicídio,Santa Maria
26,,Homicídio,São Sebastião
24,,Homicídio,SCIA/Estrutural
1,,Homicídio,SIA
20,,Homicídio,Sobradinho
20,,Homicídio,Sobradinho II
-,,Homicídio,Sol Nascente/Pôr do Sol
0,,Homicídio,Sudoeste/Octogonal
35,,Homicídio,Taguatinga
0,,Homicídio,Varjão
3,,Homicídio,Vicente Pires
-,,Homicídio,Unidades Prisionais
,,Latrocínio,LATROCINIO
2015,,Latrocínio,Região Administrativa
46,,Latrocínio,Distrito Federal
0,,Latrocínio,Águas Claras
-,,Latrocínio,Arniqueira
1,,Latrocínio,Brasília (Plano Piloto)
0,,Latrocínio,Brazlândia
1,,Latrocínio,Candangolândia
6,,Latrocínio,Ceilândia
1,,Latrocínio,Cruzeiro
0,,Latrocínio,Fercal
3,,Latrocínio,Gama
0,,Latrocínio,Guará
0,,Latrocínio,Itapoã
0,,Latrocínio,Jardim Botânico
0,,Latrocínio,Lago Norte
1,,Latrocínio,Lago Sul
0,,Latrocínio,Núcleo Bandeirante
1,,Latrocínio,Paranoá
1,,Latrocínio,Park Way
4,,Latrocínio,Planaltina
2,,Latrocínio,Recanto das Emas
0,,Latrocínio,Riacho Fundo
0,,Latrocínio,Riacho Fundo II
8,,Latrocínio,Samambaia
6,,Latrocínio,Santa Maria
0,,Latrocínio,São Sebastião
1,,Latrocínio,SCIA/Estrutural
0,,Latrocínio,SIA
2,,Latrocínio,Sobradinho
2,,Latrocínio,Sobradinho II
-,,Latrocínio,Sol Nascente/Pôr do Sol
0,,Latrocínio,Sudoeste/Octogonal
5,,Latrocínio,Taguatinga
0,,Latrocínio,Varjão
1,,Latrocínio,Vicente Pires
,,Lesão seguida de morte,LCSM
2015,,Lesão seguida de morte,Região Administrativa
6,,Lesão seguida de morte,Distrito Federal
0,,Lesão seguida de morte,Águas Claras
-,,Lesão seguida de morte,Arniqueira
0,,Lesão seguida de morte,Brasília (Plano Piloto)
0,,Lesão seguida de morte,Brazlândia
0,,Lesão seguida de morte,Candangolândia
0,,Lesão seguida de morte,Ceilândia
0,,Lesão seguida de morte,Cruzeiro
0,,Lesão seguida de morte,Fercal
0,,Lesão seguida de morte,Gama
1,,Lesão seguida de morte,Guará
1,,Lesão seguida de morte,Itapoã
0,,Lesão seguida de morte,Jardim Botânico
0,,Lesão seguida de morte,Lago Norte
0,,Lesão seguida de morte,Lago Sul
0,,Lesão seguida de morte,Núcleo Bandeirante
0,,Lesão seguida de morte,Paranoá
0,,Lesão seguida de morte,Park Way
2,,Lesão seguida de morte,Planaltina
0,,Lesão seguida de morte,Recanto das Emas
0,,Lesão seguida de morte,Riacho Fundo
0,,Lesão seguida de morte,Riacho Fundo II
1,,Lesão seguida de morte,Samambaia
0,,Lesão seguida de morte,Santa Maria
1,,Lesão seguida de morte,São Sebastião
0,,Lesão seguida de morte,SCIA/Estrutural
0,,Lesão seguida de morte,SIA
0,,Lesão seguida de morte,Sobradinho
0,,Lesão seguida de morte,Sobradinho II
-,,Lesão seguida de morte,Sol Nascente/Pôr do Sol
0,,Lesão seguida de morte,Sudoeste/Octogonal
0,,Lesão seguida de morte,Taguatinga
0,,Lesão seguida de morte,Varjão
0,,Lesão seguida de morte,Vicente Pires
População IBGE 2024*,,Feminicídio,RA
216847.903669168,,Feminicídio,Plano Piloto
139648.565360285,,Feminicídio,Gama
209900.296839944,,Feminicídio,Taguatinga
43640.4373146009,,Feminicídio,Brazlândia
73612.9386251305,,Feminicídio,Sobradinho
127041.953448673,,Feminicídio,Planaltina
57915.1421023769,,Feminicídio,Paranoá
23526.3649022022,,Feminicídio,N. Bandeirante
299331.96872135,,Feminicídio,Ceilândia
133397.387306859,,Feminicídio,Guará
27560.021988377,,Feminicídio,Cruzeiro
236783.698655427,,Feminicídio,Samambaia
126811.548120153,,Feminicídio,Santa Maria
103265.374615046,,Feminicídio,São Sebastião
110367.280035316,,Feminicídio,Recanto das Emas
28371.1321494119,,Feminicídio,Lago Sul
42786.5822736143,,Feminicídio,Riacho Fundo
45681.7659718069,,Feminicídio,Lago Norte
15158.7940121431,,Feminicídio,Candangolândia
147909.795329488,,Feminicídio,Águas Claras
73166.7237807566,,Feminicídio,Riacho Fundo II
47961.840421914,,Feminicídio,Sudoeste e Octogonal
9400.74591523343,,Feminicídio,Varjão
23631.6632650101,,Feminicídio,Park Way
39666.2060371394,,Feminicídio,SCIA/Estrutural
83333.749860978,,Feminicídio,Sobradinho II
78330.5137905327,,Feminicídio,Jardim Botânico
69873.2829083797,,Feminicídio,Itapoã
5869.60180800313,,Feminicídio,SIA
109533.233597233,,Feminicídio,Vicente Pires
9530.02311313616,,Feminicídio,Fercal
113339.613029031,,Feminicídio,Sol Nascente e Pôr do Sol
46679.4940233627,,Feminicídio,Arniqueira
51155.195721721,,Feminicídio,Arapoanga
11787.161286196,,Feminicídio,Água Quente
2982818,,Feminicídio,Total
,,Feminicídio,*População das RA's ajustada pela proporção do número da PDAD 2024
