regiao_administrativa,2015,2016,2017,2018,2019,2020,2021,2022,2023,2024,variacao_2015_2024,variacao_2023_2024,nivel_geografico,tipo_crime
Distrito Federal,6,5,5,8,6,5,7,5,1,13,7,12,Distrito Federal,lesao_seguida_morte
Águas Claras,0,0,0,0,0,0,0,0,0,0,0,0,Região Administrativa,lesao_seguida_morte
Arniqueira,0,0,0,0,0,0,0,1,0,0,0,0,Região Administrativa,lesao_seguida_morte
Brasília (Plano Piloto),0,1,0,0,0,1,0,0,0,1,1,1,Região Administrativa,lesao_seguida_morte
Brazlândia,0,0,1,2,0,0,0,0,0,1,1,1,Região Administrativa,lesao_seguida_morte
Candangolândia,0,0,0,0,0,0,0,0,0,0,0,0,Região Administrativa,lesao_seguida_morte
Ceilândia,0,1,0,2,1,0,1,1,0,1,1,1,Região Administrativa,lesao_seguida_morte
Cruzeiro,0,0,0,0,0,0,0,0,0,0,0,0,Região Administrativa,lesao_seguida_morte
Fercal,0,0,0,0,0,0,0,0,0,0,0,0,Região Administrativa,lesao_seguida_morte
Gama,0,0,0,0,0,0,0,0,1,1,1,0,Região Administrativa,lesao_seguida_morte
Guará,1,0,0,0,0,0,0,0,0,0,-1,0,Região Administrativa,lesao_seguida_morte
Itapoã,1,0,0,0,0,0,0,0,0,0,-1,0,Região Administrativa,lesao_seguida_morte
Jardim Botânico,0,0,0,0,0,0,0,0,0,0,0,0,Região Administrativa,lesao_seguida_morte
Lago Norte,0,0,0,0,0,0,0,0,0,0,0,0,Região Administrativa,lesao_seguida_morte
Lago Sul,0,0,0,0,0,0,0,0,0,0,0,0,Região Administrativa,lesao_seguida_morte
Núcleo Bandeirante,0,0,0,0,0,0,0,0,0,0,0,0,Região Administrativa,lesao_seguida_morte
Paranoá,0,0,0,0,0,0,0,0,0,0,0,0,Região Administrativa,lesao_seguida_morte
Park Way,0,0,0,0,0,0,0,0,0,0,0,0,Região Administrativa,lesao_seguida_morte
Planaltina,2,1,1,4,2,1,0,2,0,1,-1,1,Região Administrativa,lesao_seguida_morte
Recanto das Emas,0,1,0,0,0,0,0,0,0,0,0,0,Região Administrativa,lesao_seguida_morte
Riacho Fundo,0,0,0,0,0,0,0,1,0,0,0,0,Região Administrativa,lesao_seguida_morte
Riacho Fundo II,0,0,0,0,0,0,0,0,0,0,0,0,Região Administrativa,lesao_seguida_morte
Samambaia,1,0,0,0,0,0,3,0,0,3,2,3,Região Administrativa,lesao_seguida_morte
Santa Maria,0,0,0,0,1,1,0,0,0,2,2,2,Região Administrativa,lesao_seguida_morte
São Sebastião,1,0,0,0,0,0,1,0,0,0,-1,0,Região Administrativa,lesao_seguida_morte
SCIA/Estrutural,0,0,0,0,0,0,0,0,0,0,0,0,Região Administrativa,lesao_seguida_morte
SIA,0,0,0,0,0,0,0,0,0,0,0,0,Região Administrativa,lesao_seguida_morte
Sobradinho,0,1,1,0,0,1,1,0,0,0,0,0,Região Administrativa,lesao_seguida_morte
Sobradinho II,0,0,0,0,0,0,0,0,0,0,0,0,Região Administrativa,lesao_seguida_morte
Sol Nascente/Pôr do Sol,0,0,0,0,0,1,0,0,0,0,0,0,Região Administrativa,lesao_seguida_morte
Sudoeste/Octogonal,0,0,0,0,1,0,0,0,0,0,0,0,Região Administrativa,lesao_seguida_morte
Taguatinga,0,0,2,0,1,0,1,0,0,3,3,3,Região Administrativa,lesao_seguida_morte
Varjão,0,0,0,0,0,0,0,0,0,0,0,0,Região Administrativa,lesao_seguida_morte
Vicente Pires,0,0,0,0,0,0,0,0,0,0,0,0,Região Administrativa,lesao_seguida_morte
