base,coluna,tipo,nulos
homicidios,unnamed_0,float64,38
homicidios,unnamed_1,string,0
homicidios,unnamed_2,string,2
homicidios,unnamed_3,string,2
homicidios,unnamed_4,string,2
homicidios,unnamed_5,string,2
homicidios,unnamed_6,string,2
homicidios,unnamed_7,string,2
homicidios,unnamed_8,string,2
homicidios,unnamed_9,string,2
homicidios,unnamed_10,float64,2
homicidios,unnamed_11,float64,2
homicidios,unnamed_12,string,1
homicidios,unnamed_13,string,2
latrocinios,unnamed_0,float64,36
latrocinios,unnamed_1,string,0
latrocinios,unnamed_2,string,1
latrocinios,unnamed_3,string,1
latrocinios,unnamed_4,string,1
latrocinios,unnamed_5,string,1
latrocinios,unnamed_6,string,1
latrocinios,unnamed_7,float64,1
latrocinios,unnamed_8,float64,1
latrocinios,unnamed_9,float64,1
latrocinios,unnamed_10,float64,1
latrocinios,unnamed_11,float64,1
latrocinios,unnamed_12,string,0
latrocinios,unnamed_13,string,1
lesao_seguida_morte,unnamed_0,float64,36
lesao_seguida_morte,unnamed_1,string,0
lesao_seguida_morte,unnamed_2,string,1
lesao_seguida_morte,unnamed_3,string,1
lesao_seguida_morte,unnamed_4,string,1
lesao_seguida_morte,unnamed_5,string,1
lesao_seguida_morte,unnamed_6,string,1
lesao_seguida_morte,unnamed_7,float64,1
lesao_seguida_morte,unnamed_8,float64,1
lesao_seguida_morte,unnamed_9,float64,1
lesao_seguida_morte,unnamed_10,float64,1
lesao_seguida_morte,unnamed_11,float64,1
lesao_seguida_morte,unnamed_12,string,0
lesao_seguida_morte,unnamed_13,string,1
feminicidios,unnamed_0,float64,38
feminicidios,unnamed_1,string,0
feminicidios,unnamed_2,string,1
