ra,renda_per_capita,renda_domiciliar,fonte
DF Urbano,3168.94,5424.77,PDAD-A 2024
Lago Sul,15780.19,29802.04,PDAD-A 2024
Sudoeste e Octogonal,15444.99,,PDAD-A 2024
Lago Norte,11603.22,18551.7,PDAD-A 2024
Plano Piloto,10407.82,16815.02,PDAD-A 2024
Park Way,8806.14,16323.47,PDAD-A 2024
Jardim Botânico,7286.55,14394.51,PDAD-A 2024
Águas Claras,6717.84,11642.13,PDAD-A 2024
Cruzeiro,4868.6,7778.56,PDAD-A 2024
Guará,4754.06,7420.55,PDAD-A 2024
Vicente Pires,3986.76,6933.43,PDAD-A 2024
Sobradinho,4400.24,6753.75,PDAD-A 2024
Arniqueira,2827.1,7052.9,PDAD 2021
Candangolândia,3255.56,5799.67,PDAD-A 2024
Riacho Fundo,2701.63,4991.41,PDAD-A 2024
Sobradinho II,2832.35,4918.68,PDAD-A 2024
Núcleo Bandeirante,2875.64,4759.75,PDAD-A 2024
Taguatinga,2740.78,4427.83,PDAD-A 2024
Gama,3622.43,3622.43,PDAD-A 2024
Ceilândia,1674.15,3235.82,PDAD-A 2024
Brazlândia,1754.13,2818.0,PDAD-A 2024
São Sebastião,1333.72,2611.39,PDAD-A 2024
Santa Maria,1240.49,2599.83,PDAD-A 2024
Samambaia,1259.92,2461.35,PDAD-A 2024
Riacho Fundo II,1228.2,2340.72,PDAD-A 2024
Recanto das Emas,1186.44,2072.96,PDAD-A 2024
Varjão,1338.24,2004.26,PDAD-A 2024
SIA,1183.63,1998.3,PDAD-A 2024
Paranoá,1059.7,1941.69,PDAD-A 2024
Planaltina,1223.74,1865.65,PDAD-A 2024
Água Quente,1130.8,1824.34,PDAD-A 2024
Arapoanga,849.03,1671.74,PDAD-A 2024
Sol Nascente / Pôr do Sol,845.62,1657.28,PDAD-A 2024
Fercal,959.9,1579.03,PDAD-A 2024
SCIA,815.85,1550.93,PDAD-A 2024
Itapoã,1041.7,2475.2,PDAD 2021
