ra,populacao
Ceilândia,287023
Samambaia,218840
Plano Piloto,198697
Taguatinga,193367
Planaltina,179960
Gama,139467
Águas Claras,128480
Guará,120641
Santa Maria,116622
Recanto das Emas,115550
Sol Nascente / Pôr do Sol,101866
São Sebastião,98612
Vicente Pires,96871
Sobradinho II,82785
Jardim Botânico,77707
Sobradinho,72273
Riacho Fundo II,65408
Itapoã,65408
Paranoá,63923
Brazlândia,55561
Sudoeste e Octogonal,44354
Arniqueira,42320
Riacho Fundo,39552
SCIA,36042
Lago Norte,32379
Lago Sul,26244
Cruzeiro,25741
Park Way,22289
Núcleo Bandeirante,21636
Candangolândia,14040
Fercal,10268
Varjão,8609
SIA,5131
