regiao_administrativa,ocorrencias,media,mediana,desvio,minimo,maximo,anos,taxa_100mil,taxa_10mil,populacao,renda_per_capita,renda_domiciliar,cv
Arniqueira,23,0.57,0.0,1.39,0,6,10,1.36,0.14,42320.0,2827.1,7052.9,2.42
Brasília (Plano Piloto),147,3.68,1.0,5.92,0,23,10,1.85,0.18,198697.0,10407.82,16815.02,1.61
Brazlândia,121,3.02,1.0,5.62,0,21,10,5.44,0.54,55561.0,1754.13,2818.0,1.86
Candangolândia,24,0.6,0.0,1.34,0,6,10,4.27,0.43,14040.0,3255.56,5799.67,2.23
Ceilândia,711,17.77,3.0,29.84,0,112,10,6.19,0.62,287023.0,1674.15,3235.82,1.68
Cruzeiro,11,0.28,0.0,0.6,0,2,10,1.07,0.11,25741.0,4868.6,7778.56,2.18
Fercal,49,1.23,0.0,1.87,0,7,10,11.93,1.19,10268.0,959.9,1579.03,1.53
Gama,238,5.95,1.0,10.88,0,40,10,4.27,0.43,139467.0,3622.43,3622.43,1.83
Guará,59,1.48,0.0,2.88,0,15,10,1.22,0.12,120641.0,4754.06,7420.55,1.95
Itapoã,197,4.92,1.0,8.06,0,30,10,7.53,0.75,65408.0,1041.7,2475.2,1.64
Jardim Botânico,4,0.1,0.0,0.3,0,1,10,0.13,0.01,77707.0,7286.55,14394.51,3.04
Lago Norte,19,0.48,0.0,0.99,0,5,10,1.47,0.15,32379.0,11603.22,18551.7,2.08
Lago Sul,8,0.2,0.0,0.46,0,2,10,0.76,0.08,26244.0,15780.19,29802.04,2.32
Núcleo Bandeirante,21,0.52,0.0,0.96,0,3,10,2.43,0.24,21636.0,2875.64,4759.75,1.83
Paranoá,165,4.12,0.5,7.25,0,32,10,6.45,0.65,63923.0,1059.7,1941.69,1.76
Park Way,10,0.25,0.0,0.49,0,2,10,1.12,0.11,22289.0,8806.14,16323.47,1.97
Planaltina,421,10.52,2.0,18.2,0,64,10,5.85,0.59,179960.0,1223.74,1865.65,1.73
Recanto das Emas,249,6.22,1.0,11.1,0,48,10,5.39,0.54,115550.0,1186.44,2072.96,1.78
Riacho Fundo,31,0.78,0.0,1.39,0,5,10,1.96,0.2,39552.0,2701.63,4991.41,1.79
Riacho Fundo II,74,1.85,0.0,3.27,0,12,10,2.83,0.28,65408.0,1228.2,2340.72,1.77
SCIA/Estrutural,179,4.47,1.0,7.51,0,24,10,12.42,1.24,36042.0,815.85,1550.93,1.68
SIA,27,0.68,0.0,1.23,0,4,10,13.16,1.32,5131.0,1183.63,1998.3,1.82
Samambaia,370,9.25,2.0,14.55,0,48,10,4.23,0.42,218840.0,1259.92,2461.35,1.57
Santa Maria,273,6.82,1.0,11.79,0,53,10,5.85,0.59,116622.0,1240.49,2599.83,1.73
Sobradinho,130,3.25,1.0,5.11,0,20,10,4.5,0.45,72273.0,4400.24,6753.75,1.57
Sobradinho II,136,3.4,0.0,6.3,0,24,10,4.11,0.41,82785.0,2832.35,4918.68,1.85
Sol Nascente/Pôr do Sol,103,2.58,0.0,6.27,0,27,10,2.53,0.25,101866.0,845.62,1657.28,2.44
Sudoeste/Octogonal,10,0.25,0.0,0.54,0,2,10,0.56,0.06,44354.0,15444.99,,2.17
São Sebastião,256,6.4,1.0,10.82,0,40,10,6.49,0.65,98612.0,1333.72,2611.39,1.69
Taguatinga,237,5.92,2.0,8.71,0,35,10,3.06,0.31,193367.0,2740.78,4427.83,1.47
Varjão,14,0.35,0.0,0.83,0,4,10,4.07,0.41,8609.0,1338.24,2004.26,2.38
Vicente Pires,63,1.58,0.0,2.36,0,8,10,1.63,0.16,96871.0,3986.76,6933.43,1.5
Águas Claras,48,1.2,0.0,2.48,0,11,10,0.93,0.09,128480.0,6717.84,11642.13,2.07
