regiao_administrativa,ocorrencias,media,mediana,desvio,taxa100,taxa10,populacao,renda,cv
SIA,27,0.675,0.0,1.2276201701060805,13.155749999999998,1.31625,5131.0,1183.63,1.8186965483053044
SCIA/Estrutural,179,4.475,1.0,7.5072187482005175,12.415000000000001,1.242,36042.0,815.85,1.6775907817207862
Fercal,49,1.225,0.0,1.8740809713508875,11.930499999999999,1.19275,10268.0,959.9,1.5298620174292958
Itapoã,197,4.925,1.0,8.061899947855391,7.53075,0.75275,65408.0,1041.7,1.6369339995645464
São Sebastião,256,6.4,1.0,10.82210463440216,6.48925,0.6485000000000001,98612.0,1333.72,1.6909538491253375
Paranoá,165,4.125,0.5,7.254309064273455,6.45275,0.6457499999999999,63923.0,1059.7,1.7586203792178072
Ceilândia,711,17.775,3.0,29.841880311281002,6.1945,0.617,287023.0,1674.15,1.6788680906487203
Santa Maria,273,6.825,1.0,11.790668844254418,5.85175,0.5860000000000001,116622.0,1240.49,1.7275705266306838
Planaltina,421,10.525,2.0,18.201137608853195,5.849,0.5862499999999999,179960.0,1223.74,1.7293242383708498
Brazlândia,121,3.025,1.0,5.618136838709212,5.444999999999999,0.5445,55561.0,1754.1300000000003,1.8572353185815578
Recanto das Emas,249,6.225,1.0,11.10206148563271,5.38775,0.5389999999999999,115550.0,1186.44,1.7834636924711182
Sobradinho,130,3.25,1.0,5.112829514175654,4.49525,0.45099999999999996,72273.0,4400.24,1.5731783120540472
Candangolândia,24,0.6,0.0,1.3358949751441482,4.2735,0.42675,14040.0,3255.56,2.2264916252402474
Gama,238,5.95,1.0,10.881529869815747,4.2665,0.42625,139467.0,3622.4299999999994,1.828828549548865
Samambaia,370,9.25,2.0,14.550971418801199,4.2265,0.42350000000000004,218840.0,1259.92,1.5730779912217512
Sobradinho II,136,3.4,0.0,6.303438215238835,4.10725,0.41075,82785.0,2832.35,1.853952416246716
Varjão,14,0.35,0.0,0.8335897041541451,4.0657499999999995,0.40625,8609.0,1338.24,2.3816848690118433
Taguatinga,237,5.925,2.0,8.710110541263274,3.064,0.3065,193367.0,2740.78,1.4700608508461224
Riacho Fundo II,74,1.85,0.0,3.2703014837888866,2.8285,0.28225,65408.0,1228.2,1.7677305317777765
Sol Nascente/Pôr do Sol,103,2.575,0.0,6.271169277141552,2.528,0.253,101866.0,845.6200000000001,2.435405544520991
Núcleo Bandeirante,21,0.525,0.0,0.9604352645732548,2.42625,0.24225,21636.0,2875.64,1.8294005039490566
Riacho Fundo,31,0.775,0.0,1.3865193462176784,1.9592500000000002,0.19575,39552.0,2701.63,1.7890572209260365
Brasília (Plano Piloto),147,3.675,1.0,5.919925068825857,1.8487500000000001,0.1845,198697.0,10407.82,1.6108639643063558
Vicente Pires,63,1.575,0.0,2.363043452620869,1.62575,0.163,96871.0,3986.7600000000007,1.5003450492830914
Lago Norte,19,0.475,0.0,0.9867714774546075,1.4674999999999998,0.147,32379.0,11603.22,2.077413636746542
Arniqueira,23,0.575,0.0,1.3938969538487116,1.35825,0.13674999999999998,42320.0,2827.1,2.424168615389064
Guará,59,1.475,0.0,2.882195566239612,1.22325,0.12225000000000001,120641.0,4754.06,1.9540308923658385
Park Way,10,0.25,0.0,0.4935481167928246,1.12225,0.1125,22289.0,8806.14,1.9741924671712985
Cruzeiro,11,0.275,0.0,0.5986094998689324,1.06775,0.10725,25741.0,4868.6,2.176761817705209
Águas Claras,48,1.2,0.0,2.4827610767253785,0.9339999999999999,0.09375,128480.0,6717.839999999999,2.0689675639378153
Lago Sul,8,0.2,0.0,0.4640954808922572,0.762,0.076,26244.0,15780.189999999999,2.320477404461286
Sudoeste/Octogonal,10,0.25,0.0,0.5430209893473685,0.563,0.05700000000000001,44354.0,15444.99,2.172083957389474
Jardim Botânico,4,0.1,0.0,0.30382181012509996,0.129,0.013000000000000001,77707.0,7286.55,3.0382181012509992
Unidades Prisionais,6,0.6,0.0,1.577621275493231,,,,,2.6293687924887186
